{"cameraMode":{"drawMode":0,"name":"Shaded","section":"Shading Mode"},"sceneLighting":true,"audioPlay":false,"sceneViewState":{"showFog":true,"showMaterialUpdate":true,"showSkybox":true,"showFlares":true,"showImageEffects":true,"showParticleSystems":true},"in2DMode":false,"pivot":{"x":0.009147610515356064,"y":455.00921630859377,"z":-0.012158676981925965},"rotation":{"x":-0.06714703142642975,"y":-0.22636479139328004,"z":-0.01564413122832775,"w":0.9716002345085144},"size":0.026549769565463067,"orthographic":false}