{"cameraMode":{"drawMode":0,"name":"Shaded","section":"Shading Mode"},"sceneLighting":true,"audioPlay":false,"sceneViewState":{"showFog":true,"showMaterialUpdate":true,"showSkybox":true,"showFlares":true,"showImageEffects":true,"showParticleSystems":true},"in2DMode":false,"pivot":{"x":0.0,"y":-0.1267709732055664,"z":-1.2500503063201905},"rotation":{"x":-0.05785047635436058,"y":0.9392732381820679,"z":-0.27397727966308596,"w":-0.19844062626361848},"size":5.238523006439209,"orthographic":false}