{"cameraMode":{"drawMode":0,"name":"Shaded","section":"Shading Mode"},"sceneLighting":true,"audioPlay":false,"sceneViewState":{"showFog":true,"showMaterialUpdate":true,"showSkybox":true,"showFlares":true,"showImageEffects":true,"showParticleSystems":true},"in2DMode":false,"pivot":{"x":3.2494113445281984,"y":1.3272861242294312,"z":-2.621680498123169},"rotation":{"x":-0.12467695027589798,"y":0.39718762040138247,"z":0.05452969670295715,"w":0.9076337814331055},"size":2.1581501960754396,"orthographic":false}